{
	"type": "minecraft:crafting_shapeless",
	  
  "ingredients": [
        {
            "item": "minecraft:iron_nugget"
        },
        {
            "item": "minecraft:gunpowder"
        },
        {
            "item": "minecraft:iron_nugget"
        }
    ],
	"result": {
		"id": "minecraft:clock",
        "count":20,
        "components": {
            "minecraft:custom_model_data": 444451,
            "minecraft:custom_data": {"gz_data":{"bullet_type":7},"HideFlags":32},
            "minecraft:item_name": "{\"translate\": \"thepa.item.name.bullet_9\",\"color\": \"white\",\"italic\": false}"
          }
	}
}