{
	"type": "minecraft:crafting_shapeless",
	  
  "ingredients": [
        {
            "item": "minecraft:red_dye"
        },
        {
            "item": "minecraft:gunpowder"
        },
		{
            "item": "minecraft:iron_nugget"
        },
        {
            "item": "minecraft:gold_ingot"
        }
    ],
	"result": {
		"id": "minecraft:clock",
        "count":2,
        "components": {
            "minecraft:custom_model_data": 170030,
            "minecraft:custom_data": {"gz_data":{"bullet_type":2},"HideFlags":32},
            "minecraft:item_name": "{\"translate\": \"thepa.item.name.bullet_2\",\"color\": \"white\",\"italic\": false}"
          }
	}
}