{
    "type": "minecraft:crafting_shaped",
     
"pattern": [
        "  I",
        "II-",
        "SSS"
    ],
    "key": {
        "I": {
            "item": "minecraft:iron_ingot"
        },
        "S": {
            "item": "minecraft:nether_star"
        },
        "-": {
            "item": "minecraft:netherite_block"
        }
    },
    "result": {
        "id": "minecraft:carrot_on_a_stick",
        "components": {
          "minecraft:custom_model_data": 666666,
          "minecraft:custom_data": {"gz_data":{"capacity":255, "bullets":0, "reload_time":20, "id":5,"debuff":-0.9},"HideFlags":32},
          "minecraft:item_name": "{\"translate\": \"thepa.item.name.gun_5\",\"color\": \"yellow\",\"italic\": false}",
          "minecraft:lore": [
            "{\"translate\": \"thepa.item.desc.line1\",\"color\": \"gray\",\"italic\": false}",
            "{\"text\": \"Reload Time: 20s\",\"color\": \"blue\",\"italic\": false}",
            "{\"text\":\"Uses Nether Stars\"}"
          ]
        }
    }
}