{
    "type": "minecraft:crafting_shaped",
     
"pattern": [
        "II ",
        " RS",
        "IIL"
    ],
    "key": {
        "L": {
            "item": "minecraft:lever"
        },
        "I": {
            "item": "minecraft:iron_ingot"
        },
        "S": {
            "item": "minecraft:iron_block"
        },
        "R": {
            "item": "minecraft:redstone"
        }
    },
    "result": {
        "id": "minecraft:carrot_on_a_stick",
        "components": {
          "minecraft:custom_model_data": 888888,
          "minecraft:custom_data": {"gz_data":{"capacity":3, "bullets":0, "reload_time":1, "id":7,"debuff":-0.5},"HideFlags":32},
          "minecraft:item_name": "{\"translate\": \"thepa.item.name.gun_7\",\"color\": \"yellow\",\"italic\": false}",
          "minecraft:lore": [
            "{\"translate\": \"thepa.item.desc.line1\",\"color\": \"gray\",\"italic\": false}",
            "{\"text\": \"Reload Time: 1s\",\"color\": \"blue\",\"italic\": false}",
            "{\"text\":\"Uses Shells\"}"
          ]
        }
    }
}