{
    "type": "minecraft:crafting_shaped",
      
  "pattern": [
        "BCC",
        "CBL",
        "CR "
    ],
    "key": {
        "R": {
            "item": "minecraft:redstone"
        },
		"B": {
			"item": "minecraft:iron_block"
		},
		"L": {
			"item": "minecraft:lever"
		},
		"C": {
			"item": "minecraft:copper_block"
		}
    },
    "result": {
        "id": "minecraft:carrot_on_a_stick",
        "components": {
          "minecraft:custom_model_data": 88941,
          "minecraft:custom_data": {"gz_data":{"capacity":6, "bullets":0, "reload_time":2.7, "id":44,"debuff":-0.5},"HideFlags":32},
          "minecraft:item_name": "{\"translate\": \"thepa.item.name.gun_28\",\"color\": \"yellow\",\"italic\": false}",
          "minecraft:lore": [
            "{\"translate\": \"thepa.item.desc.line1\",\"color\": \"gray\",\"italic\": false}",
            "{\"text\": \"Reload Time: 2.7s\",\"color\": \"blue\",\"italic\": false}",
            "{\"text\":\"Uses Rocket Laucher Ammo\"}"
          ]
        }
    }
}