{
    "type": "minecraft:crafting_shaped",
      
  "pattern": [
        "ER ",
        "BEB",
        " LI"
    ],
    "key": {
        "I": {
            "item": "minecraft:iron_ingot"
        },
        "R": {
            "item": "minecraft:redstone"
        },
        "E": {
            "item": "minecraft:emerald_block"
        },
        "L": {
            "item": "minecraft:lever"
        },
        "B": {
            "item": "minecraft:iron_block"
        }
    },
    "result": {
        "id": "minecraft:carrot_on_a_stick",
        "components": {
          "minecraft:custom_model_data": 88952,
          "minecraft:custom_data": {"gz_data":{"capacity":20, "bullets":0, "reload_time":4, "id":54,"debuff":-0.5},"HideFlags":32},
          "minecraft:item_name": "{\"translate\": \"thepa.item.name.gun_54\",\"color\": \"yellow\",\"italic\": false}",
          "minecraft:lore": [
            "{\"translate\": \"thepa.item.desc.line1\",\"color\": \"gray\",\"italic\": false}",
            "{\"text\": \"Reload Time: 4s\",\"color\": \"blue\",\"italic\": false}",
            "{\"text\":\"Uses Energy Cells\"}"
          ]
        }
    }
}