{
    "type": "minecraft:crafting_shaped",
      
  "pattern": [
        "II ",
        "GRS",
        "IIL"
    ],
    "key": {
        "L": {
            "item": "minecraft:lever"
        },
        "I": {
            "item": "minecraft:iron_ingot"
        },
        "S": {
            "item": "minecraft:iron_block"
        },
        "R": {
            "item": "minecraft:redstone"
        },
        "G": {
            "item": "minecraft:green_stained_glass"
        }
    },
    "result": {
        "id": "minecraft:carrot_on_a_stick",
        "components": {
          "minecraft:custom_model_data": 88944,
          "minecraft:custom_data": {"gz_data":{"capacity":8, "bullets":0, "reload_time":5.7, "id":47,"debuff":-0.5},"HideFlags":32},
          "minecraft:item_name": "{\"translate\": \"thepa.item.name.gun_31\",\"color\": \"yellow\",\"italic\": false}",
          "minecraft:lore": [
            "{\"translate\": \"thepa.item.desc.line1\",\"color\": \"gray\",\"italic\": false}",
            "{\"text\": \"Reload Time: 5.7s\",\"color\": \"blue\",\"italic\": false}",
            "{\"text\":\"Uses Shells\"}"
          ]
        }
    }
}