{
    "type": "minecraft:crafting_shaped",
      
  "pattern": [
        " BB",
        "IBB",
        "IS "
    ],
    "key": {
        "I": {
            "item": "minecraft:iron_ingot"
        },
        "B": {
            "item": "minecraft:iron_block"
        },
        "S": {
            "item": "minecraft:stone_button"
        }
    },
    "result": {
        "id": "minecraft:carrot_on_a_stick",
        "components": {
          "minecraft:custom_model_data": 88946,
          "minecraft:custom_data": {"gz_data":{"capacity":4, "bullets":0, "reload_time":5.2, "id":49,"debuff":-0.5},"HideFlags":32},
          "minecraft:item_name": "{\"translate\": \"thepa.item.name.gun_33\",\"color\": \"yellow\",\"italic\": false}",
          "minecraft:lore": [
            "{\"translate\": \"thepa.item.desc.line1\",\"color\": \"gray\",\"italic\": false}",
            "{\"text\": \"Reload Time: 5.2s\",\"color\": \"blue\",\"italic\": false}",
            "{\"text\":\"Uses Rockets\"}"
          ]
        }
    }
}